{"0": 2.595886889460154, "1": 9.709615384615384, "2": 2.3974358974358974, "3": 10.56276150627615}