{"0": 4.598360655737705, "1": 15.162162162162161, "2": 5.744027303754266, "3": 18.03214285714286, "4": 5.961038961038961, "5": 27.0, "6": 4.114914425427873, "7": 25.5}