{"juv_fel_count": [0.06971677559912855, 0.5014755752507987], "juv_misd_count": [0.09368191721132897, 0.5172707491859172], "juv_other_count": [0.10556545850663497, 0.4686557323312097], "priors_count": [3.5094078035254506, 4.951584194970699], "age": [34.93761140819964, 11.925808583868745]}