{"0": 1.8843151171043293, "1": 2.488618103910016, "2": 36.36986301369863, "3": 25.013458950201883}