{"0": 10.194733955019199, "1": 13.545918367346939, "2": 82.23451327433628, "3": 63.214285714285715, "4": 2.3115671641791047, "5": 3.048720472440945, "6": 65.21052631578948, "7": 41.39198218262806}