{"zfygpa": [0.007156308851224107, 0.956269325542025], "zgpa": [0.005135324186171643, 0.9203686714713514], "DOB_yr": [64.9954802259887, 6.374190672837983], "weighted_lsat_ugpa": [741.9962436595317, 107.69097610619035], "cluster_tier": [3.7390906645143933, 1.183449020338574], "family_income": [3.4257734732311005, 0.8794618881913022], "lsat": [36.57297820823245, 5.629890085895137], "ugpa": [3.2242292171105733, 0.41846631192390027]}