{"auc_avg_final": 0.721222348299161, "auc_std_final": 0.006452106016140618, "auc_min_avg_final": 0.6161096374889479, "auc_min_std_final": 0.02822132554494771, "auc_macro_avg_final": 0.7015762535171122, "auc_macro_std_final": 0.009063675672636155, "auc_auc_minority_avg": 0.753703445389873, "auc_auc_minority_std": 0.015017523250864395, "tn": 801.9, "fp": 351.1, "fn": 381.6, "tp": 630.4, "posnegs_avg": [801.9, 351.1, 381.6, 630.4], "acc_avg": [0.6006621324676303, 0.6402157629692604, 0.6494064718606556, 0.658235947468196, 0.6646071513048962, 0.66614815621047, 0.6719995354959909, 0.6766995104710516, 0.6825022111076449, 0.6841449012543321, 0.6858222577980111, 0.6895021236917613, 0.6908916505832867, 0.6946589752115978, 0.6948273793403701, 0.6960346612548807, 0.7006162819796441, 0.6999833738417397, 0.7024377461785547, 0.7040510405918227, 0.7065631331223926, 0.7069093257321508, 0.705794387557463, 0.7096996921589667, 0.7108810492648495, 0.7106686800887184, 0.7116246413377716, 0.7135426058160701, 0.7137343208471456, 0.7111867049011171, 0.7133667027757113, 0.7142188790884065, 0.7116759338930234, 0.7139536318728595, 0.714174699786431, 0.7153644985242142, 0.7151319037122612, 0.717209744985585, 0.7140017963107067, 0.7147036515842844, 0.7148387176946889, 0.7142484462255194, 0.7159424289274584, 0.716967037355721, 0.7175725209026804, 0.7154855952336061, 0.7138035250883586, 0.7153681408526991, 0.7157455717855808, 0.7173436969719823, 0.7116353112176862, 0.7157665258870998, 0.7173154153625703, 0.7162461991230987, 0.7135381064691182, 0.7156650977515263, 0.7135618887315784, 0.7173120729905487, 0.7178554655495716, 0.7177518948678305, 0.7190855870062289, 0.7186481647806546, 0.7176146005094118, 0.7162716525715697, 0.7171449972404005, 0.7171093024212486, 0.7153427302551515, 0.7168323140527032, 0.7179394962102643, 0.7161216743398388, 0.7159281595699825, 0.7161309301392825, 0.7172584664854358, 0.715531145765129, 0.7166986620227693, 0.7163334436030429, 0.7150788971200751, 0.7143185931870459, 0.7163120609922903, 0.7145049947036259, 0.7169558104138027, 0.7189446503193251, 0.7195492339968942, 0.7185784034774383, 0.7186367235841198, 0.7196960412602971, 0.7187645050375545, 0.7179784048486677, 0.7209161356008899, 0.7197667452838272, 0.7190449643308915, 0.7208226348861365, 0.7204394190786022, 0.721222348299161]}