{"auc_avg_final": 0.7206523024658134, "auc_std_final": 0.0072221460137629374, "auc_min_avg_final": 0.6237798408488066, "auc_min_std_final": 0.02693347338899647, "auc_macro_avg_final": 0.7015226827654634, "auc_macro_std_final": 0.008510555765939069, "auc_auc_minority_avg": 0.7482633561166132, "auc_auc_minority_std": 0.015363237338490389, "tn": 814.7, "fp": 338.3, "fn": 373.7, "tp": 638.3, "posnegs_avg": [814.7, 338.3, 373.7, 638.3], "acc_avg": [0.616103077039104, 0.6432080857978327, 0.6464423449396487, 0.6545632805295688, 0.6570627320377499, 0.666382593612127, 0.6678673781062633, 0.670458744845034, 0.6790887494043721, 0.6852906492429099, 0.6862065020277057, 0.6872654340455727, 0.6896642287348007, 0.6932225694099257, 0.6972789663671671, 0.6988030880089404, 0.6974554264695295, 0.7007806152706978, 0.7029151054646926, 0.70420046176155, 0.7046980895344334, 0.7052847186751179, 0.7073937554206419, 0.7077705864405966, 0.7094961931239695, 0.7109450685443369, 0.709858240575368, 0.7100482844204328, 0.7113129008703879, 0.7139875698041541, 0.7142868406528423, 0.7153913232022323, 0.7155960649140067, 0.7166601818935995, 0.7183515078382909, 0.716679250554491, 0.7151930519798841, 0.7165189023993088, 0.7166878207391614, 0.7176211995516079, 0.7177371112992743, 0.7162729809501935, 0.7156775245192982, 0.7171806063577059, 0.7166690091838099, 0.716697290793222, 0.7176094155476862, 0.7177602936488076, 0.7156179188849161, 0.7141757282085914, 0.7159785951067674, 0.7178172853768652, 0.7187489930033012, 0.7182260831856404, 0.7178249985430686, 0.7194480629668607, 0.7187915011192662, 0.7191040129032702, 0.7187656191615617, 0.7188222252313092, 0.7197796862626797, 0.7198196233232433, 0.7196120963014511, 0.7205932110425115, 0.7207211638996397, 0.7200089815535344, 0.7200793427696779, 0.7194583471884652, 0.7196908562985714, 0.7194402212478874, 0.7203115090723976, 0.7202552458100367, 0.7191341799533096, 0.7197486193432495, 0.7204434899163207, 0.7204832984241145, 0.7197169953618159, 0.7186204402332462, 0.7183743045295139, 0.7178670781498001, 0.7177623504931283, 0.7187810454939683, 0.7179505945994126, 0.7176268987244138, 0.7182318680602928, 0.7198856565961284, 0.7191027702264929, 0.7185387235224144, 0.7197392349910355, 0.7201823563894155, 0.7203023818257236, 0.7208357901196055, 0.7204910972921645, 0.7206523024658134]}