{"auc_avg_final": 0.8198890477572709, "auc_std_final": 0.007465046763042846, "auc_min_avg_final": 0.7975752429573998, "auc_min_std_final": 0.006759412027105271, "auc_macro_avg_final": 0.8179113057899936, "auc_macro_std_final": 0.007837109578241871, "auc_auc_minority_avg": 0.8336716524216525, "auc_auc_minority_std": 0.009919849261335498, "tn": 616.7, "fp": 951.3, "fn": 213.7, "tp": 6184.3, "posnegs_avg": [616.7, 951.3, 213.7, 6184.3], "acc_avg": [0.6293218424443863, 0.701458144605138, 0.7163956190869596, 0.7218354219032096, 0.7254539594245013, 0.7299601258524666, 0.7318878697344834, 0.7349306084969156, 0.7360350272885021, 0.7383818275082774, 0.7404022641801329, 0.7418759489572635, 0.742683195601623, 0.7444140208834392, 0.7447647762215234, 0.7447160424813877, 0.7479074296176739, 0.7497301004060579, 0.7486202938896721, 0.7504423516436897, 0.752394312875197, 0.7528934424660768, 0.7535297721386147, 0.7553387468421253, 0.7560301299911962, 0.7575247326970801, 0.7579147421707039, 0.7579820015103571, 0.759793921769239, 0.7596870494446606, 0.7598332606331061, 0.7614830009058954, 0.7621408017333222, 0.7627880314559397, 0.7647627447352809, 0.7660285709899777, 0.76468910086698, 0.7663840262582057, 0.7690566019116305, 0.7653174012845214, 0.7695376943368781, 0.7665470585115883, 0.7678811110056714, 0.7701639263864346, 0.7702123760374735, 0.7741139261073294, 0.771213780135374, 0.7753265180525164, 0.7747304941435779, 0.7745079477164422, 0.776239779770145, 0.7782739175108929, 0.7777635389885871, 0.7794581852747349, 0.7767083922112141, 0.7778570092854272, 0.7816468874201761, 0.781723915437541, 0.7814315379168234, 0.7825834095556008, 0.7832107331053709, 0.7842363196646273, 0.7835339567211692, 0.7826867083383838, 0.7850215070398275, 0.785803863492099, 0.7840678348941952, 0.7882787031661679, 0.7847019068060171, 0.7864145254655472, 0.7882005986006468, 0.7864289292811529, 0.7863156475078309, 0.7889844303226136, 0.7893322401053263, 0.791226172400814, 0.7888625112439474, 0.7900853104605393, 0.7921774123450567, 0.7921054829793751, 0.7930139101983399, 0.795635967832741, 0.7942387329267436, 0.7930966349496972, 0.7955224069543416, 0.7935177995275947, 0.7963621045479773, 0.7968097691561776, 0.798416776447997, 0.7986804510019074, 0.7968752691370391, 0.7971154490242485, 0.798378942757941, 0.8004117896377055, 0.7999775519773399, 0.7997625663073921, 0.7990533054813047, 0.8003590188419851, 0.8005057433844123, 0.8013061170662388, 0.8018020768208816, 0.8028137629504757, 0.8023407346683593, 0.7996240404766158, 0.803100548401605, 0.802675934882393, 0.805435391959222, 0.8052403473502562, 0.8055063344890941, 0.8008678024781342, 0.8038218456341586, 0.8055137706458012, 0.8052139220802419, 0.8033085963167699, 0.8079205136649847, 0.8074229988963388, 0.8062607455454829, 0.8067383790613777, 0.8071315384351614, 0.8054638407410479, 0.8060569489987304, 0.8083203167364162, 0.8078292363366103, 0.8089012689711709, 0.8069372563811397, 0.8107486903991041, 0.8099157311994819, 0.811188908882559, 0.8085519988708206, 0.810834385625929, 0.8107254249972886, 0.8118053224142111, 0.8086313594091903, 0.8094232004500768, 0.8119717786888122, 0.8103328836418907, 0.8126626534679204, 0.8086142343190794, 0.8126909776492655, 0.814459761221619, 0.8109698612369298, 0.813269153785303, 0.8134361333819241, 0.8131448324093627, 0.8137795024034935, 0.8107287493381221, 0.8138408606643658, 0.8134748791475015, 0.813201097002571, 0.8150880267510254, 0.8142284479046387, 0.8152336348731426, 0.8164508121160312, 0.8147084637817302, 0.8145001317774687, 0.8153848500169059, 0.8126514145045327, 0.8148770332804893, 0.8168088391381874, 0.8164903403726292, 0.8138307929454994, 0.816977996751217, 0.8166985178722943, 0.8111608488542338, 0.8166882408246199, 0.8163211578395033, 0.8162872366045513, 0.8175453874696175, 0.8169870726502543, 0.8161147297305918, 0.8170302292728595, 0.817940714891771, 0.8173749589316813, 0.8171584780559614, 0.8182632307768373, 0.8187916115766407, 0.8188159684786699, 0.8171607707048121, 0.8188979506111606, 0.8180976716256992, 0.8183075337238677, 0.8187100829899012, 0.8181552619680257, 0.8208183131606817, 0.8208927046318685, 0.8192778126216099, 0.8206851551186276, 0.8198190920632087, 0.8209776971119801, 0.8192046222990603, 0.8200612954622297, 0.8204380474446735, 0.8194472493397171, 0.8190772257832487, 0.8189852855803152, 0.820852712861481, 0.8195248604873333, 0.8198890477572709]}