{"auc_avg_final": 0.8196095688783483, "auc_std_final": 0.009062620633082032, "auc_min_avg_final": 0.7953464340463834, "auc_min_std_final": 0.011160494184488348, "auc_macro_avg_final": 0.8169011810070609, "auc_macro_std_final": 0.010387452229927815, "auc_auc_minority_avg": 0.8286769943019943, "auc_auc_minority_std": 0.012509080561647852, "tn": 630.2, "fp": 937.8, "fn": 228.3, "tp": 6169.7, "posnegs_avg": [630.2, 937.8, 228.3, 6169.7], "acc_avg": [0.6339918435528321, 0.7027559582953219, 0.713337115871669, 0.7186854768869098, 0.7213049926714981, 0.727045376704136, 0.7293893210808863, 0.7319255838080778, 0.7349368883611588, 0.7367103469435603, 0.7386493098528877, 0.7403518857136477, 0.7426026688027509, 0.7430693623964122, 0.7448460556073007, 0.7460647180879227, 0.747793136088446, 0.7483864686269945, 0.7499304380434575, 0.7501643679705394, 0.751237935683026, 0.7512530023731907, 0.7526706169338633, 0.7548433004414644, 0.754223213687632, 0.7565874579747497, 0.7582752263143456, 0.7568146046516451, 0.7592382584481119, 0.7566618793500519, 0.7594072466044873, 0.7607971599862201, 0.7610807008408239, 0.7620838044892855, 0.7637659608232165, 0.7635349764515059, 0.7638843811203756, 0.7656496360071068, 0.7668398397378645, 0.7664311900322804, 0.7621880153475894, 0.7663718951553739, 0.7683710799691869, 0.7666783325943695, 0.7684186823369549, 0.7683687972883746, 0.7707625170652819, 0.770017132067738, 0.7720483142850763, 0.7732006444536239, 0.7643245348115801, 0.763941602645278, 0.7669107822677367, 0.7686477030050846, 0.7701057927860109, 0.7706924168346614, 0.7741552535948732, 0.7739633738381253, 0.7736568217666873, 0.7743130625960919, 0.7739344465904524, 0.7744564229255315, 0.7726931616464967, 0.773212077793762, 0.7789091656512557, 0.7795741883225624, 0.7806336612286364, 0.7807663806769972, 0.7796383077300943, 0.7817486361729749, 0.7796748455751479, 0.7822744252827734, 0.7821466400134608, 0.7850145094768135, 0.7821644528982272, 0.7852466501409878, 0.7856485614525585, 0.7859185507588469, 0.7867326454456431, 0.7865209442443748, 0.7883093499004792, 0.7887227144882648, 0.7850896335988288, 0.7883295600985002, 0.785666832867095, 0.7887862358134876, 0.790891834422109, 0.7906765447269873, 0.7932444509923382, 0.7860277007802183, 0.7933528484268042, 0.792924108139661, 0.7943480872929041, 0.7927838628222468, 0.7933975949515474, 0.7964873579355155, 0.7958268607536794, 0.796176883440935, 0.798970426225351, 0.7986389690097672, 0.7979837449202876, 0.7984555571017091, 0.7969041016883465, 0.7989345313187795, 0.79859293660806, 0.799535359822266, 0.8020231230582262, 0.8006493728508909, 0.8028099302396795, 0.8000759614372477, 0.8022354422778802, 0.8024087017387449, 0.8042222069157454, 0.8046636714040101, 0.8048715648145786, 0.8040920143651397, 0.8015994365665928, 0.8049139688502784, 0.8061448371940211, 0.8049747539489381, 0.8057926913145689, 0.805962043304349, 0.8047289570720443, 0.8051110668751715, 0.8068615989690656, 0.806872683427857, 0.8065202833634235, 0.8092453357554337, 0.8087034333114304, 0.808882225033652, 0.8101805371257601, 0.8093216211539319, 0.809271327415774, 0.8086802127657877, 0.8089317960890202, 0.8090359321870355, 0.8100081548522816, 0.8109534987017627, 0.8111086163325911, 0.8095126685794668, 0.8111496198588843, 0.811472330120701, 0.8110142339602298, 0.8097005710888606, 0.8133333778572386, 0.8116725032854655, 0.8122497224898089, 0.8130155419662394, 0.812849245180254, 0.8131005793025243, 0.8135658424826635, 0.8139228079087214, 0.8111920936708538, 0.8141209525776549, 0.8147622413493376, 0.814750429223737, 0.8143188281095496, 0.8144208808875222, 0.812790189536271, 0.8150195064545042, 0.8132804126847676, 0.8148065393123488, 0.8143433395161754, 0.8148822415805961, 0.8147823020267813, 0.8154386525046092, 0.8157993360090205, 0.8156223435177447, 0.81488155876996, 0.814876365421911, 0.8164209578407793, 0.8147789128936976, 0.8164523671300342, 0.8169154423257267, 0.817694977823108, 0.8150786518108337, 0.817187769137039, 0.8167608181128031, 0.8177064460513808, 0.8166825141865122, 0.8170948022261421, 0.8184394058889577, 0.8176287900475915, 0.8169924105348609, 0.8174780633377139, 0.8179702701258684, 0.819127878370792, 0.8178766204043356, 0.8184390669756493, 0.8162680281943976, 0.816630824922967, 0.8166940023508623, 0.8183654081552909, 0.8170877498389165, 0.8180964505409853, 0.8171567635533424, 0.8181714400944811, 0.8196095688783483]}