{"auc_avg_final": 0.9038871533952634, "auc_std_final": 0.0020628064219778927, "auc_min_avg_final": 0.8774246374183681, "auc_min_std_final": 0.0022250791586331, "auc_macro_avg_final": 0.9132101856219543, "auc_macro_std_final": 0.001648158850567507, "auc_auc_minority_avg": 0.9477764382827674, "auc_auc_minority_std": 0.0022377110087071373, "tn": 12003.7, "fp": 431.3, "fn": 2116.1, "tp": 1729.9, "posnegs_avg": [12003.7, 431.3, 2116.1, 1729.9], "acc_avg": [0.8604925811829418, 0.8711035042125447, 0.8781418602944357, 0.8817712855679487, 0.8845288228899483, 0.8857619141114659, 0.8870981438372935, 0.8894306911802004, 0.8903280929789664, 0.8912308978084897, 0.8920020894925061, 0.8926139314973482, 0.8935531712382287, 0.893740945375652, 0.8947563450587882, 0.8954975628860298, 0.8954511300677197, 0.8954693558872231, 0.8962558230515791, 0.8962487023003236, 0.897068353984662, 0.8969747544224246, 0.896954285006945, 0.8971025264814372, 0.8978456721702723, 0.8981067081846925, 0.8983148273257026, 0.8985160410839435, 0.8988189735872506, 0.8990776520485829, 0.899283124039075, 0.8996953884588837, 0.8995312368988527, 0.8996750319550376, 0.8994371428254798, 0.8993174596304317, 0.8997233591796426, 0.8997883805983522, 0.8997820073639294, 0.8998090789735329, 0.9003414573253619, 0.9002245362834216, 0.9009479538007413, 0.9007504504442341, 0.9005042853101337, 0.9009994017774382, 0.9013219056305475, 0.9010044744371198, 0.9016771956764881, 0.9017278407260134, 0.9014001241191586, 0.9016191559604483, 0.9018140247121748, 0.9016246886304886, 0.9017303707829859, 0.9018838919218208, 0.9020488024989435, 0.9020559556600197, 0.9022585369035993, 0.9019420989143546, 0.9020929812664962, 0.9025906664734624, 0.9020654726470523, 0.9024335279804436, 0.9026613669291444, 0.9021088233959595, 0.9024827334066423, 0.9024250083795069, 0.9025881656898767, 0.9024749153215023, 0.9027445901213612, 0.9029233396919312, 0.9031581017965287, 0.9029813051790265, 0.9032241404654175, 0.9031021791736163, 0.9021358322768777, 0.9027442242040304, 0.9031080087594336, 0.9032654358044043, 0.9030707176015227, 0.9032345659729083, 0.9033005398221559, 0.9033061770400049, 0.9035883149841475, 0.9032242282855771, 0.9035621330763967, 0.9034825533753157, 0.9036233897285124, 0.9034839281790008, 0.9037307446459499, 0.9036674357203479, 0.9035677305660785, 0.9036926108327004, 0.9034862115031442, 0.9034660776861312, 0.9037383902272053, 0.9038669296671346, 0.9038935402209013, 0.9040342981632415, 0.9038925459712397, 0.9038012851434845, 0.9032410887106976, 0.9034074033648922, 0.903550076623089, 0.9040466055312901, 0.9037228721959496, 0.9039689746013643, 0.9040142019834393, 0.9039485051858851, 0.9041849881474151, 0.9036151105875355, 0.9039255496235128, 0.9038357441012558, 0.9040004058545936, 0.904186121445662, 0.9037434942512295, 0.9043073007198534, 0.9039261173181143, 0.9036404550673384, 0.9042888950781192, 0.9040772171296985, 0.9042251721431945, 0.9042575568724397, 0.9042423263476579, 0.9040507215785215, 0.903935502574908, 0.9023233722272093, 0.9039135799448864, 0.9039725815007671, 0.9040992254889231, 0.9040572871809122, 0.904177182608012, 0.9044315024711966, 0.9043799478557348, 0.9044319541177306, 0.9048202833621991, 0.904423665567451, 0.9039805689533573, 0.9040750853998777, 0.9042102730349664, 0.904102621201752, 0.9048028176052656, 0.904336839657744, 0.9041998893465992, 0.9043006629794746, 0.9040306630359302, 0.9042957555053308, 0.9039953175127409, 0.9042994638161079, 0.9043217586363286, 0.9044560398419155, 0.9045943367288372, 0.9040202741201726, 0.9041008512073494, 0.9039638350310852, 0.9039360253139517, 0.9043275641761497, 0.9041985689077743, 0.9042138997984528, 0.9042760367431182, 0.9041316823561564, 0.9046661087995591, 0.9046244747256716, 0.9041219039996017, 0.9042864434320036, 0.9042133007395086, 0.9041277754045426, 0.9035034190269903, 0.9038646421610783, 0.9039196750821379, 0.9043431187991388, 0.9043107257060686, 0.904252828175049, 0.9041035809506367, 0.9042116478386518, 0.9042570414517426, 0.9039048815671968, 0.9038943421025945, 0.9032889935621549, 0.9037982177107752, 0.9037298382164478, 0.9038560044211177, 0.9038758141399237, 0.9041086724289237, 0.9042446671730963, 0.9036296375055646, 0.9041091240754577, 0.9038580180119148, 0.9036883201906283, 0.9037172391600128, 0.9036182773406635, 0.9038731000788083, 0.9041627811473536, 0.9041703556360993, 0.9040095621516858, 0.9040888836196794, 0.9038871533952634]}