{"auc_avg_final": 0.9042111334634327, "auc_std_final": 0.0019500283692590603, "auc_min_avg_final": 0.8776909754135989, "auc_min_std_final": 0.0020656667639998567, "auc_macro_avg_final": 0.9139008494305987, "auc_macro_std_final": 0.001726788082931987, "auc_auc_minority_avg": 0.9485566941263144, "auc_auc_minority_std": 0.0038131461184445978, "tn": 11993.3, "fp": 441.7, "fn": 2089.2, "tp": 1756.8, "posnegs_avg": [11993.3, 441.7, 2089.2, 1756.8], "acc_avg": [0.8592481402513037, 0.8708400479163517, 0.8772399629398928, 0.8800965708109626, 0.8829779429214966, 0.885095453194887, 0.8881124060402705, 0.888564103802592, 0.889345825541908, 0.8910592261245738, 0.8920284658591813, 0.8921844532808251, 0.8929607845351208, 0.8940058872962074, 0.8939269129269393, 0.8944087570499202, 0.8955338357482832, 0.8958243866545976, 0.8960058429679366, 0.8955272157810319, 0.8969684020975638, 0.8963820436211096, 0.8970330366893808, 0.8972091798830778, 0.8978800736267487, 0.8978745555934017, 0.8982602073684877, 0.898089001967799, 0.8985880421143667, 0.8979139199343609, 0.898519267429322, 0.8986788439772413, 0.899352763334498, 0.899453532785461, 0.8994009410557364, 0.8994181454431478, 0.8998536780232771, 0.9000897950674762, 0.8997444997920544, 0.9001674814077403, 0.9004684578215457, 0.9005138524801144, 0.9010386803891939, 0.9005154531070667, 0.9005292732819085, 0.9002941954429284, 0.9010132878173993, 0.9006794269358231, 0.9006877970333933, 0.9013453117939756, 0.9004334520787346, 0.9008494384005357, 0.901044377199294, 0.900621490722114, 0.9008248759383429, 0.9006762842286914, 0.9010370808077196, 0.900988899950047, 0.9009330452832106, 0.9014885140640848, 0.9014109197258925, 0.9017676838959364, 0.9017152343512317, 0.9025010867744723, 0.9022342274471036, 0.902253278148818, 0.9027201395253236, 0.9025126769445528, 0.9030127228410407, 0.9023714725830689, 0.9028555153464681, 0.9028845587277452, 0.903474215687566, 0.903341004006063, 0.9036360410588518, 0.9035672935562374, 0.9031012999265448, 0.9033736386045712, 0.9030855100709859, 0.9033849548593927, 0.9032288963452386, 0.9037488815998156, 0.9034505136538394, 0.9033992653634574, 0.9036491555359841, 0.9032612173003203, 0.9034653834886809, 0.9033712601419216, 0.9036004822581323, 0.9040454670056525, 0.9039194419405245, 0.9036789244790541, 0.904118793702291, 0.9040322573900144, 0.9039303044578559, 0.9040594973215896, 0.9044641590247446, 0.9047025363925695, 0.9037874816962924, 0.9045148187109632, 0.9044132818790838, 0.904529438676542, 0.9037971837329464, 0.9037191868856901, 0.9038040880702377, 0.90452243083692, 0.9043417105401549, 0.9047294260889858, 0.9041400848635472, 0.904037533917923, 0.9041579782210185, 0.9042668532635958, 0.9045935756207892, 0.9047100293340241, 0.9048198013968006, 0.9041331700714753, 0.9041791460158608, 0.9043525458750559, 0.9044213749249609, 0.9042531439094313, 0.9043439740002148, 0.9044347016341451, 0.9041167111099403, 0.9043191020765077, 0.9042100848489107, 0.9041812035167375, 0.9042139991188712, 0.9040944696091021, 0.9046743868950575, 0.903791850749221, 0.9034953908007548, 0.9039958507065655, 0.9043791334283044, 0.9043738527184836, 0.9043689023797382, 0.9042805082528995, 0.9045460084587541, 0.9041850404213191, 0.9038511105381891, 0.903927339481999, 0.9042747602143733, 0.9040873049477669, 0.9043990801047401, 0.9045806963762267, 0.9048066210545487, 0.9046700073873482, 0.9042185114022978, 0.9044986148460816, 0.904495021537894, 0.9042634209590338, 0.904894305301766, 0.9047262561994238, 0.9046855641012934, 0.9042358046553467, 0.904392690142668, 0.9042977021855302, 0.9041069149802583, 0.9042998840982992, 0.9041332192089453, 0.903881071849227, 0.9037120452248729, 0.9042761026082378, 0.9042946242980399, 0.9041292767110765, 0.9041149484338844, 0.9045837617179797, 0.9045790382479796, 0.9045141516959431, 0.9042871052196331, 0.9044244319028893, 0.9042065960885319, 0.9043476729016888, 0.9042858412366248, 0.9039546996435547, 0.904469254684944, 0.903894383921718, 0.9045242813331351, 0.9046048082373638, 0.9044893174094476, 0.9044905751195872, 0.9044290079604792, 0.9039235036228952, 0.9041167184282868, 0.904209519245265, 0.9038803117866572, 0.9039949526408881, 0.9037888052715515, 0.9035487007739258, 0.9035204749565133, 0.9042359583406254, 0.9039859563019433, 0.9044454428760181, 0.9037880357996789, 0.9039739657137551, 0.9041603336831502, 0.9043727758760532, 0.9044513801460784, 0.9042111334634327]}